random state,accuracy,one off,two off,fail
1.0,0.5625,36.5625,7.1875,0.0
27.0,0.56875,37.5,5.625,0.0
53.0,0.58125,35.3125,6.5625,0.0
79.0,0.515625,40.0,6.875,1.5625
105.0,0.571875,37.1875,5.0,0.625
131.0,0.54375,37.5,7.5,0.625
157.0,0.51875,41.25,6.875,0.0
183.0,0.565625,38.125,5.3125,0.0
209.0,0.5875,34.0625,6.25,0.9375
235.0,0.534375,39.375,6.875,0.3125
