method,avg accuracy,st deviation
decision tree,0.6190625000000001,0.013932656731977262
random forest,0.6971875,0.019734016915243367
naive bayes,0.555,0.025396166596117962
