random state,accuracy,one off,two off,fail
1.0,0.646875,30.3125,4.0625,0.9375
27.0,0.6,35.0,4.0625,0.9375
53.0,0.64375,27.5,7.5,0.625
79.0,0.634375,29.0625,5.9375,1.5625
105.0,0.628125,31.5625,5.3125,0.3125
131.0,0.5875,33.4375,5.9375,1.875
157.0,0.61875,33.75,3.4375,0.9375
183.0,0.596875,33.75,4.6875,1.875
209.0,0.625,32.1875,4.375,0.9375
235.0,0.61875,31.875,5.625,0.625
