random state,accuracy,one off,two off,fail
1.0,0.71875,23.4375,3.125,0.0
27.0,0.709375,26.5625,2.5,0.0
53.0,0.709375,25.9375,2.8125,0.3125
79.0,0.65625,29.0625,3.75,0.3125
105.0,0.690625,27.1875,3.125,0.3125
131.0,0.665625,26.875,2.8125,0.0
157.0,0.678125,29.6875,2.5,0.0
183.0,0.6625,28.125,3.4375,0.0
209.0,0.725,24.0625,3.125,0.0
235.0,0.675,30.3125,2.5,0.0
