random state,accuracy,one off,two off,fail
1.0,0.73125,27.1875,2.8125,0.0
27.0,0.7,25.3125,2.8125,0.0
53.0,0.709375,26.5625,4.0625,0.0
79.0,0.646875,29.6875,4.375,0.3125
105.0,0.70625,24.375,2.8125,0.3125
131.0,0.70625,28.125,2.5,0.3125
157.0,0.6625,29.375,3.125,0.0
183.0,0.66875,28.75,3.125,0.625
209.0,0.725,23.4375,3.75,0.0
235.0,0.69375,30.625,2.5,0.0
