random state,accuracy,one off,two off,fail
1.0,0.725,24.6875,2.8125,0.0
27.0,0.696875,28.75,1.5625,0.0
53.0,0.70625,25.9375,3.4375,0.0
79.0,0.65,30.9375,4.0625,0.0
105.0,0.696875,27.5,2.5,0.3125
131.0,0.675,30.3125,2.1875,0.0
157.0,0.671875,29.6875,3.125,0.0
183.0,0.6625,30.3125,3.4375,0.0
209.0,0.725,24.0625,3.4375,0.0
235.0,0.684375,29.375,2.1875,0.0
