method,avg accuracy,st deviation
decision tree,0.62,0.01993914352334233
random forest,0.693125,0.024860723150293827
naive bayes,0.695,0.027409890246648812
