random state,accuracy,one off,two off,fail
1.0,0.7125,26.25,2.5,0.0
27.0,0.7,28.125,1.5625,0.3125
53.0,0.71875,25.3125,2.8125,0.0
79.0,0.659375,29.375,4.6875,0.0
105.0,0.71875,24.6875,2.8125,0.625
131.0,0.66875,31.25,1.5625,0.3125
157.0,0.671875,29.6875,3.125,0.0
183.0,0.690625,27.1875,3.75,0.0
209.0,0.71875,25.0,3.125,0.0
235.0,0.678125,29.375,2.8125,0.0
