,avg accuracy,st deviation
initial,0.6971875,0.0197340169152433
optimized,0.69375,0.0240261720722308
